slug,file
Adamawa-Bye-Election-Timetable,file_archive/Adamawa_INEC_Time-Table.png
NigeriaDecides2015-Governors,file_archive/NigeriaDecides-Governors.jpg
LGA-Autonomy,file_archive/Nigerian_Geopolitical_Zones-_LGA_Autonomy_Voting-_Table_Graphic.png
Webmaster,file_archive/osaAluko.jpeg
SocialMedia,file_archive/notfaizzy.jpeg
Postponement,file_archive/ANATOMY_OF_POSTPONEMENT-SYE.png
BayelsaTHM2015,file_archive/Bayelsa-Town-Hall-Meetings.jpg
INECChairman-Senate,file_archive/INEC_Chairman_at_the_Senate_1.jpg
GuberCandidates,file_archive/SYE_blog_photo.JPG
GuberElectionUpdate,file_archive/SYE_Guber_Election_Update.jpg
PoliticalPartiesStates,file_archive/POLITICAL_PARTIES_STATES.jpg
concession-cancellation-court,file_archive/Concession_Cancellation_and_Courts.jpg
RepsPartySpread,file_archive/Elected_Reps_Party_Spread.jpg
NigerianStateGovernorsPartySpread,file_archive/Nigerian_States_Governors_Party_Spread_Before_2015_Elections.jpg
ElectedSenators2015,file_archive/Elected_Senators.jpg
SenatorsLeague,file_archive/Complete_Sports_-_Senators_league_2.jpg
GovernorsLeague,file_archive/Complete_Sports_-_Governors_League.jpg
DebtorStates,file_archive/sye_-_States_Debtors_League.jpg
OneVoicePeaceConcert,file_archive/one-voice-peace-concert-2.jpg
StateAssemblySpeakersDeputies,file_archive/SYE_-_State_Assembly_speakers_and_deputies.jpg
Taraba-Map,file_archive/Nigeria_Taraba_State_map.png
WeekReview17Aug2015,file_archive/SYE_Week_Review_-_aug_17.jpg
WeekReview28Aug2015,file_archive/SYE_-_Week_Review_-_Aug._28.jpg
WeekReview11Sept2015,file_archive/SYE_Week_Review_-_Sept_11.jpg
WeekReviewSeptember18-2015,file_archive/SYE_Week_Review_-_Sept._18_1.jpg
WeekReviewSeptember25-2015,file_archive/SYE_Week_Review_Sept._25_1.jpg
WeekReviewOctober2-2015,file_archive/SYE_Week_Review_Oct._2_2015_1.jpg
WeekReviewOctober9-2015,file_archive/SYE_Week_Review_Oct._9_2015_1.jpg
WeekReview4Sept2015,file_archive/SYE_-_Week_Review_-_Sept._4....jpg
Kogi-Bayelsa-Election-Report,file_archive/SYE_Blog_-_Kogi__Bayelsa_1.jpg
Ministerial-Nominee-2015,file_archive/ML2015a.jpg
Ekiti-Map,file_archive/ekiti.png
WeekReviewOctober16-2015,file_archive/SYE_Week_Review_Oct._16_2015_1.jpg
Mahmood-Yakubu,file_archive/Mahmood_Yakubu.jpg
SDPlogo,file_archive/SDP.jpg
LGAElectionBlogIshola,file_archive/Ekiti_Zamfara__Sokoto_LGA_Polls2.jpg
BayelsaTussle,file_archive/Bayelsa_Blog1_2016.jpg
BayelsaDecided,file_archive/BayelsaDecided.jpg
SYEWeekReview16April2016,file_archive/SYE_Week_Review_Week_April_11_2016c3.png
Ondo-LGAs,file_archive/Ondo_-_Political.jpg
SYEWeekReview6May2016,file_archive/SYE_Week_Review_Week_May_2_2016.png
1LagosWestTHMMarch2016,file_archive/1_kexu9g6.jpg
WeekReviewJan15-2015,file_archive/SYE_Week_Review_January_15_2016_2.jpg
NASSCommiteesandFederalMinistries,file_archive/Ministries__Nass_Committees_ShineYourEye.org.pdf
SPSarakiCCT,file_archive/SP_Saraki__CCT.jpg
lai-no-longer-funny,file_archive/On_Lai_Mohammed_it_is_NO_LONGER_Funny.jpeg
FCTDecidesLocal,file_archive/FCTDecides_BoucZlV.jpg
SenatorTinubuTHMMarch2016,file_archive/SenatorRemiMarch2016_V8mD4qu.jpg
2015geobill,file_archive/2015_GEO_BILL.pdf
Anti-Social-Media-Bill,file_archive/Frivolous_Petitions_Bill.pdf
2LagosWestTHMMarch2016,file_archive/2_Xe1lDem.jpg
LagosEastTHM2016b,file_archive/2_aChhGyV.jpg
3LagosWestTHMMarch2016,file_archive/3_k7zFfQe.jpg
4LagosWestTHMMarch2016,file_archive/4_Jp4UP9z.jpg
5LagosWestTHMMarch2016,file_archive/5_FMS67nI.jpg
2016-Budget-Timeline,file_archive/2016_Budget_Timeline.pdf
LagosEastTHM2016c,file_archive/3_52Bg5gi.jpg
LagosEastTHM2016a,file_archive/1_PEJmazx.jpg
LagosEastTHM2016d,file_archive/4_v1jDSnc.jpg
Buruji-Ashaye,file_archive/Buruji-Ashaye.jpg
SYEWeekReview3June2016,file_archive/SYE_Week_Review_June_3_2016_hje17Lt.png
SYEWeekReview24June2016,file_archive/SYE_Week_Review_-_June_24_2016.jpg
SYEWeekReview15July2016,file_archive/SYE_Weekly_Review_-_July_15.jpg
SYEWeekReview22July2016,file_archive/SYE_Weekly_Review_July_22_2016.png
SYEWeekReview5August2016,file_archive/SYE_Weekly_Review_August_5_2016b.png
SYEWeekReview12August2016,file_archive/SYE_Weekly_Review_August_12_2016_soS8RY4.png
